id;model;prix;image_1;image_2;image_3;statut;version;mise_en_vente;etat;porte;boite_vitesse;co_2;chevaux;carburant;annees;ville;code_postal;description
1;c Krone primary;17204;c Investment;Soft de Mouffetard;USB Music;LIBRE;20028;2021-11-11T20:10:24;ROULANT;4;39439;40242;41120;DIESEL;2021-11-12T00:09:21;Generic c;24540;Borders
2;static;67575;synergies Intelligent;Progressive program c;navigating Kwanza;RESERVER;6620;2021-11-11T15:43:36;NONROULANT;0;31878;66243;79731;ESSENCE;2021-11-11T21:01:44;c neural-net best-of-breed;18604;Rustic encompassing Rustic
3;Decentralized d'Azur Monitored;3245;Market microchip global;leverage Steel;Basse-Normandie Keyboard;VENDU;24608;2021-11-12T01:27:41;NONROULANT;5;42930;51183;15408;ESSENCE;2021-11-12T02:18:52;Berkshire Aquitaine circuit;17668;hacking sexy red
4;CFA Charlemagne invoice;11760;JBOD du Malawi;e-tailers Checking;Technicien human-resource Midi-Pyrénées;RESERVER;56492;2021-11-12T03:58:44;ENDOMMAGE;2;34307;60835;95623;ESSENCE;2021-11-12T01:51:25;Palladium;73046;Jewelery Market human-resource
5;Royaume-Uni Intelligent;43312;Convertible;Saint-Denis calculating 1080p;Account Pataca;LIBRE;44699;2021-11-11T20:17:23;NONROULANT;1;54653;43867;51133;ELECTRIQUE;2021-11-12T09:44:34;withdrawal deposit connecting;96822;monitor a c
6;client-server;69789;Berkshire d'Alésia;Kids Multi-channelled;Account Refined;VENDU;67261;2021-11-12T10:50:14;NONROULANT;3;54570;24998;79267;ESSENCE;2021-11-12T09:30:48;Franche-Comté;20870;Tchad
7;Loan;57728;Card Salvador;Executif;system Sleek reinvent;RESERVER;37769;2021-11-12T10:14:07;ENDOMMAGE;2;9001;15867;76970;DIESEL;2021-11-12T07:27:19;Lesotho violet;97718;communities Champagne-Ardenne Gourde
8;Shirt Frozen Sports;23182;maximized;application visionary;Movies hybrid;RESERVER;17078;2021-11-11T23:50:00;NONROULANT;1;77548;1044;53985;ESSENCE;2021-11-11T20:50:01;Home;41341;Cambridgeshire incremental c
9;la Intelligent Intelligent;87316;generating;Account;Fantastic Borders;VENDU;55788;2021-11-12T08:59:30;ENDOMMAGE;3;79259;4147;74671;ELECTRIQUE;2021-11-12T10:41:51;Picardie;73337;structure b Balboa
10;Suriname;14255;b calculating;a Lepic Fresh;Pre-emptive pixel Franche-Comté;LIBRE;63031;2021-11-11T15:46:41;ENDOMMAGE;3;85271;75637;6380;ESSENCE;2021-11-12T10:04:04;Metal;62062;wireless
